vorname.nachname@edu.tbz.ch;6gDMdyau2cx9
melodie.vandervlies@edu.tbz.ch;svJUj35iBVaa
angele.edgecumbe@edu.tbz.ch;vFZEgwK2HAz4
zhi.andreasson@edu.tbz.ch;hiNIn14t6MEF
judicael.koppeck@edu.tbz.ch;MeB5yw6NfZny
berengere.capron@edu.tbz.ch;g1Ux4unydI5h
leonie.brosini@edu.tbz.ch;krQGLCuAOc1r
venus.garfit@edu.tbz.ch;oClQ2LMf9XOV
melina.janota@edu.tbz.ch;dq9i3Yv3r56t
laurene.bake@edu.tbz.ch;EmrfG8Oi2GTf
regine.dorkins@edu.tbz.ch;ZdmNQjnWZe8c
cecile.moffet@edu.tbz.ch;hXfPAa8iDOq6
maelann.labrone@edu.tbz.ch;vUw7QlS9emRT
melinda.newbold@edu.tbz.ch;yh1ikH8ilbvx
mans.itzhak@edu.tbz.ch;quI2jooYT9Ml
melodie.pattlel@edu.tbz.ch;BZqnGm7fm6Ma
celine.bonett@edu.tbz.ch;vEmXkHoH4PYv
adelie.mcgreal@edu.tbz.ch;GHHOGmASFAXU
helene.soldan@edu.tbz.ch;tsmvN2mAUqz6
michele.cluer@edu.tbz.ch;q3d1zS2XUJk4
maeline.muller@edu.tbz.ch;xOUQ3BP5Uo7C
maelann.benedito@edu.tbz.ch;RoBgz43YZ2gv
nuo.gransden@edu.tbz.ch;K8QpFTiLghKV
berengere.stainton@edu.tbz.ch;ekFgssE751Dw
wa.sabater@edu.tbz.ch;4sLSaNjr3EyJ
anais.cochran@edu.tbz.ch;JzfVQ3Z3rAal
gerald.bessant@edu.tbz.ch;rWpY4ABf82wt
ruo.coffin@edu.tbz.ch;q44VYTfeky5J
melodie.mustill@edu.tbz.ch;clKC3CKuhlh4
ruo.stanesby@edu.tbz.ch;OBrJpnnrYFM0
noemie.antognelli@edu.tbz.ch;weyf0TTFMuEJ
maelann.hughson@edu.tbz.ch;wWXXFrKqY2Py
milena.mieville@edu.tbz.ch;v12VK4zktlxl
mailys.chamberlin@edu.tbz.ch;ATedA1yawpbs
nadege.tomalin@edu.tbz.ch;jZHfAL83sIVa
oceane.omara@edu.tbz.ch;LjiKL3E5gmfH
cecile.aguirrezabala@edu.tbz.ch;7wRtMHsoQ1hj
maella.gwillim@edu.tbz.ch;vhvSPN7PDd3s
lea.mcgahey@edu.tbz.ch;anvMEfkGiTuH
laurene.hagerty@edu.tbz.ch;lbdRDn6JxpIC
dorothee.link@edu.tbz.ch;CVVl7ceDGZl4
clementine.kynsey@edu.tbz.ch;nRRpCdommAIq
lorene.smitherman@edu.tbz.ch;PVr8wMy8FfNZ
cleopatre.klulicek@edu.tbz.ch;6N9tcEaHZZ9k
laurene.castaneda@edu.tbz.ch;nEPa81SrAQXx
melia.constant@edu.tbz.ch;nVZSeZSWJIxJ
lucrece.clunie@edu.tbz.ch;wR5m7g6xRBPP
eleonore.mcmurthy@edu.tbz.ch;ET1LOL7QePZH
melia.bevar@edu.tbz.ch;8qXmYyKrldi6
camelia.bontine@edu.tbz.ch;BXFjsRqIjyjk
methode.jozefczak@edu.tbz.ch;tKcJGHGfpcqP
audreanne.hinsche@edu.tbz.ch;yDHgmXe5JRn0
andree.varne@edu.tbz.ch;RdvBKjlsbN9O
marten.kinleyside@edu.tbz.ch;AdAaU4Ixl0X5
esteve.mcewan@edu.tbz.ch;5KwnAKGaRlsy
leane.dibbert@edu.tbz.ch;g5ecc6ZOnU7t
ma.thewlis@edu.tbz.ch;NF5bD3uCtzFP
clea.djurkovic@edu.tbz.ch;9lS8rRRiLlcr
rachele.reburn@edu.tbz.ch;FSZolQjvYkbf
gerald.gowling@edu.tbz.ch;sHFMponHtH2k
cleopatre.jackson@edu.tbz.ch;YYowxVtulo6b
desiree.haskins@edu.tbz.ch;xenzEtjSMgg4
eleonore.longson@edu.tbz.ch;S5CloByfJjgj
leane.dybell@edu.tbz.ch;eE03y8Gl3qUk
becassine.grzesiak@edu.tbz.ch;l86cxbg9TQ3U
mariejosee.pickin@edu.tbz.ch;k3qVJVLBr1DI
mariejosee.roxby@edu.tbz.ch;ionNEwZCm6ZZ
leonie.feenan@edu.tbz.ch;N7cWN0pg9icm
valerie.ellum@edu.tbz.ch;MH43Vi4JupMI
ju.caseri@edu.tbz.ch;hP00MisGN5mw
borje.strangman@edu.tbz.ch;dtEXQGXiRVKq
beatrice.ghidelli@edu.tbz.ch;bEcBqpeaN1OI
da.jablonski@edu.tbz.ch;M91DdySR4djo
uo.beveridge@edu.tbz.ch;EDX9iy36ThpW
valerie.bestman@edu.tbz.ch;fWVT76ojqrCG
marlene.pohls@edu.tbz.ch;6SX2jC68d1zC
ma.nolda@edu.tbz.ch;BoPqoVKR1sqf
marlene.bisiker@edu.tbz.ch;rTut5gyM2Row
estee.babon@edu.tbz.ch;WDQOOkgPi6Zp
simplifies.dmisek@edu.tbz.ch;VemD8VPJmRfJ
selene.ganing@edu.tbz.ch;bN9SuAMKjFbL
meryl.penke@edu.tbz.ch;TWvn7Us1oShY
anais.rawcliff@edu.tbz.ch;PPaVP04LNJBx
melina.andri@edu.tbz.ch;7KbhHiBTMZ6S
audreanne.fodden@edu.tbz.ch;3C2B2mPfClre
bjorn.spellesy@edu.tbz.ch;FJuIp33g9cmM
francoise.summerscales@edu.tbz.ch;bUmjVXKGfkPr
laurene.ashtonhurst@edu.tbz.ch;PI4l9jv9JUg1
valerie.petters@edu.tbz.ch;Iiy6XVvrlDnu
anael.spenclay@edu.tbz.ch;ydb2NnIdpjyQ
stephanie.keech@edu.tbz.ch;HfiXPNS0icpa
ines.deveril@edu.tbz.ch;upJ7961wkT0q
berenice.gelder@edu.tbz.ch;wprm2uZEc9Nf
melanie.ofogerty@edu.tbz.ch;nsZQ8iHoxLDX
frederique.canepe@edu.tbz.ch;HnbIOv3DYGls
nuo.otton@edu.tbz.ch;pPNzWcFBuRWg
genevieve.trusler@edu.tbz.ch;odQ6gALHk2zM
ju.boag@edu.tbz.ch;VZ2R2Myej5ki
josephine.dilucia@edu.tbz.ch;PXuBz2ISEqeu
laurene.armsden@edu.tbz.ch;d4zS1z8kjKlG
becassine.griffe@edu.tbz.ch;KxOxwu9tNs8u
alois.parres@edu.tbz.ch;GzxgAY2YvknH
cleopatre.gaffey@edu.tbz.ch;NDuV9YFwglIy
andre.stiger@edu.tbz.ch;aQQZPBiZsseC
beatrice.godleman@edu.tbz.ch;D1MSA8ILgm8w
hakan.harrhy@edu.tbz.ch;jRnoQ3udoXfW
celestine.dagnan@edu.tbz.ch;aRRQi6iS1g7a
clemence.haggart@edu.tbz.ch;bibOi7YsUWSX
long.caban@edu.tbz.ch;jwPazlHGawZ8
gaetane.grimble@edu.tbz.ch;I1q9LyqR1dgI
maelann.piwall@edu.tbz.ch;ZM5ItbVqmgVA
magdalene.loble@edu.tbz.ch;kAAlhkwcNbxF
veronique.domaschke@edu.tbz.ch;WIvCY6r89yYw
clea.herity@edu.tbz.ch;weEYcNNDw364
maelann.bambrough@edu.tbz.ch;LLdiaqxa0ez9
clea.goulstone@edu.tbz.ch;3g1PoeIIeY7s
renee.deleek@edu.tbz.ch;BKo8av70b3Dw
borje.rudderham@edu.tbz.ch;jUlGnHtIP8L9
marylene.broune@edu.tbz.ch;3tmnAUpdH0vb
nadege.mccuish@edu.tbz.ch;43ufW1HTolmb
anael.littleover@edu.tbz.ch;ElHAuNbXO644
lie.baume@edu.tbz.ch;7vuYJa5Lbbh9
maella.murrow@edu.tbz.ch;x2vQkQv1Od5U
cleopatre.pettifor@edu.tbz.ch;4PaVwwLb5uFW
geraldine.asker@edu.tbz.ch;3GJp1zspXrt8
gaetane.smedmore@edu.tbz.ch;hD7fHHZqJkIW
meryl.blencoe@edu.tbz.ch;NU3rGicl3krE
aurelie.chastaing@edu.tbz.ch;VAiJZuTYvYfe
oceanne.marthen@edu.tbz.ch;fHSYaklArwwW
dorothee.burrill@edu.tbz.ch;uvZwA2GYzNwV
hakan.belden@edu.tbz.ch;8rBleGMCGPKr
celine.brunning@edu.tbz.ch;f1a7dN41oG1O
anael.lapides@edu.tbz.ch;9nTEPIqmRymV
ruo.saffran@edu.tbz.ch;0bBPyqZGDskZ
loic.gerretsen@edu.tbz.ch;nIctAUb3z4v1
rui.fitzer@edu.tbz.ch;rOtg9sh9Uq49
annotee.ogers@edu.tbz.ch;xos0sQcwZsMs
borje.bindin@edu.tbz.ch;asUKyx7y35So
ma.cronchey@edu.tbz.ch;p9kZbVkjcg1s
laurelie.baiyle@edu.tbz.ch;X2HI6aaxkder
dorothee.older@edu.tbz.ch;yykYnG2IGDxG
laurena.wile@edu.tbz.ch;1X25D9O3sFJW
clemence.brito@edu.tbz.ch;8kasYNMBBbJD
nadege.dallin@edu.tbz.ch;hLEFDDj2mJB5
mailis.matley@edu.tbz.ch;tqiUsulKS5rE
daniele.screaton@edu.tbz.ch;mUxqMidmr2CH
mediamass.godly@edu.tbz.ch;wAhvep8TL2Us
leone.kremer@edu.tbz.ch;IIUzFmGxdDJN
asa.adrian@edu.tbz.ch;EadofcoyPNdJ
adele.doley@edu.tbz.ch;OCvJsUuTnOZ4
fei.sidney@edu.tbz.ch;pFXbMj7HcM6l
mariejosee.walisiak@edu.tbz.ch;Q0hGikzDh0vh
desiree.diplock@edu.tbz.ch;DF58xg7HtFWU
gisele.schust@edu.tbz.ch;XUiqYdJfh1lA
ma.longshaw@edu.tbz.ch;015QuPgxoX7Q
da.boother@edu.tbz.ch;JLwjqCXzd92g
simplifies.chaudhry@edu.tbz.ch;whr32PjSErKk
garcon.baniard@edu.tbz.ch;DouCkaBH5MQO
gaetane.elphee@edu.tbz.ch;Agm1Ywk1rqFq
gisele.hassey@edu.tbz.ch;pcXpexHV5XtV
oceanne.booley@edu.tbz.ch;ZzUIlRDavaAW
orjan.dibden@edu.tbz.ch;ds7XvmFf08W6
regine.ocleary@edu.tbz.ch;0pA8UVnJS5Q3
selene.persse@edu.tbz.ch;sZEKoaIt1JPM
helena.adenot@edu.tbz.ch;jr8I6VZilRjt
maelann.wassung@edu.tbz.ch;ZTadJvN9fHvy
frederique.ackermann@edu.tbz.ch;cbtWYBjMGDIc
audreanne.kahen@edu.tbz.ch;mgENaEu4ihkw
maiwenn.lasty@edu.tbz.ch;7GBUXZS9S1m7
yu.dictus@edu.tbz.ch;BWd5cLkix6VP
anae.dukes@edu.tbz.ch;kQ4aM5v09vZj
yenora.warr@edu.tbz.ch;69o1gu9ELBC3
esbjorn.archibold@edu.tbz.ch;04tDA7KotVII
milena.pardal@edu.tbz.ch;Ivzwgh88Xbn5
celestine.graveston@edu.tbz.ch;SVJhzShRfWol
maena.dallas@edu.tbz.ch;DFuWj6GOwXHI
andree.tuke@edu.tbz.ch;Zckeu85j8pc4
methode.seldner@edu.tbz.ch;R7l5FnSE6Rhe
venus.bullas@edu.tbz.ch;D3MsO44Cd67H
mans.aguirrezabal@edu.tbz.ch;y2T4I7TjaoIk
gaelle.eadington@edu.tbz.ch;V2HS5XZ7OYVY
anaelle.falkner@edu.tbz.ch;uFGTNTesX2wK
ophelie.height@edu.tbz.ch;v6FSsVNCouvi
marten.bolding@edu.tbz.ch;IClEpzZmf0r2
pelagie.guswell@edu.tbz.ch;I8nutAia4VxE
gwenaelle.lecount@edu.tbz.ch;sonO7qH7xVkj
hakan.laden@edu.tbz.ch;G1G9NhAiAKxw
mariejosee.hylands@edu.tbz.ch;PTWPelgsEPUn
zoe.kingshott@edu.tbz.ch;jcRbnW8r0rj4
josee.janous@edu.tbz.ch;S0wKeDfLRhMx
laurene.gallally@edu.tbz.ch;Ydx6LJWqYeCF
anael.bickle@edu.tbz.ch;bTGjsiKV0pHm
mediamass.lebbern@edu.tbz.ch;5t6b851Qyjok
berengere.hovy@edu.tbz.ch;ynCAWW9s9H3w
orjan.kilmurray@edu.tbz.ch;TIB6Hzn04XAA
aslog.venny@edu.tbz.ch;8FKudDsuwo18
marienoel.stoad@edu.tbz.ch;8kU1SDmzZDTl
hakan.pettifor@edu.tbz.ch;FmJeHFHNYQEF
maella.willgrass@edu.tbz.ch;FCCSTx4WfSqH
therese.ludovici@edu.tbz.ch;UbgyJKcqzRcm
stephanie.trewhitt@edu.tbz.ch;7vCvlgmxSoRg
marta.bauduccio@edu.tbz.ch;xNtacTAyRqMK
gaetane.glaisner@edu.tbz.ch;nrpc1SV3o68x
naeva.pargeter@edu.tbz.ch;FhNHj8Jf7lU3
salome.venable@edu.tbz.ch;XQi6Rd6d6ZFu
borje.thickett@edu.tbz.ch;D5ZXC32pHy9Y
lucrece.prendergrass@edu.tbz.ch;QOLNSe7sAlDS
laurene.ockleshaw@edu.tbz.ch;BYfxjrwUleIk
cecilia.pasticznyk@edu.tbz.ch;aPwc8cG0clDU
stevina.mackey@edu.tbz.ch;ew3smY0nlRwm
marienoel.reven@edu.tbz.ch;RDvBW59UM0yC
melina.quilkin@edu.tbz.ch;StiyODK1p4EI
marienoel.ferrie@edu.tbz.ch;7Nok11NQePpB
leone.alphege@edu.tbz.ch;6vzSTA25L1Kz
zoe.leverson@edu.tbz.ch;CaMqlmNzQFnT
annotes.grayne@edu.tbz.ch;CDXgHuW4W2IO
faites.lalley@edu.tbz.ch;QSZ5IqcxNPJW
adele.wallis@edu.tbz.ch;fLrIJR5P3f0X
severine.madill@edu.tbz.ch;pSwSdhnwkP95
valerie.tebb@edu.tbz.ch;PKZODkCSA2qX
kalliste.rasper@edu.tbz.ch;XVOVGeeFJfQb
audreanne.palomba@edu.tbz.ch;dgjxJOT8jXZp
elea.adamik@edu.tbz.ch;rGkuDqk0Zl2D
reserves.jakuszewski@edu.tbz.ch;mRydN205WVlc
athena.belhomme@edu.tbz.ch;mm0UkAe1k1Dg
rebecca.crippin@edu.tbz.ch;BpoXS6Ak1TWS
maiwenn.curman@edu.tbz.ch;0bmv8neEmCyB
andree.bunner@edu.tbz.ch;MEQuEoGtEeoS
ruo.winckles@edu.tbz.ch;z9MNVo7h95ao
naeva.buntine@edu.tbz.ch;xESBMxjyLdOh
borje.dollard@edu.tbz.ch;WunwONLDzH6E
penelope.gorman@edu.tbz.ch;flrftgBWW4lw
alois.robelin@edu.tbz.ch;9oMxVyrwMEWg
anaelle.tindle@edu.tbz.ch;woyHTiFeWjcr
ye.frears@edu.tbz.ch;5fM74op6E4ZR
andree.ovid@edu.tbz.ch;Wa7Xw1eSNms5
hakan.peat@edu.tbz.ch;ifFHFPdq1rC0
andre.januszewski@edu.tbz.ch;LvcLzCaoTtTZ
annotes.clemmett@edu.tbz.ch;PEXiZWVvBpjf
pal.lambswood@edu.tbz.ch;oyDSBaKblmSj
yao.lenton@edu.tbz.ch;HHIBkw7ea7Za
hakan.boyton@edu.tbz.ch;QtnGUuGIVfrH
nelie.forsey@edu.tbz.ch;WWYLKywGPqZh
hakan.horche@edu.tbz.ch;Mw2Ldgh2NLCE
lorene.sinkings@edu.tbz.ch;dfaGV7wThWLo
marietherese.creddon@edu.tbz.ch;SjMfWVMoYQtk
berenice.tolworthy@edu.tbz.ch;Gb9CDiImaBXb
theresa.land@edu.tbz.ch;vvADQ3oY1bV1
marietherese.gianilli@edu.tbz.ch;WLpP5etWeHiZ
meryl.glew@edu.tbz.ch;sc286jvnebvG
adele.debling@edu.tbz.ch;EgqBzbIhsJuO
anae.metzke@edu.tbz.ch;rOWUWtnaQquz
gaetane.gooden@edu.tbz.ch;orR4lGM8238h
laila.bootland@edu.tbz.ch;ZFeI906RvsYG
maite.helsdon@edu.tbz.ch;wa2rca6GDeWt
andree.malley@edu.tbz.ch;hEr5ajCysWEn
pal.simmens@edu.tbz.ch;sTXvd8eNkA0l
maelys.nuccitelli@edu.tbz.ch;njwxa9BLMxek
dafnee.sibary@edu.tbz.ch;vBp1e0ssFSw7
alois.harsnep@edu.tbz.ch;8sEXG17JEeKA
mariehelene.lacky@edu.tbz.ch;TdEfhjworXuu
mylene.youthed@edu.tbz.ch;vRLu2rMJtEOd
mariehelene.dehmel@edu.tbz.ch;YsNFws2NVkYk
angele.batman@edu.tbz.ch;b0y7PDmuKORN
melia.younghusband@edu.tbz.ch;GAJTGtsnUdol
eloise.baldi@edu.tbz.ch;PZqhIp1r5zXw
illustree.dun@edu.tbz.ch;MaxzPQhC38c6
genevieve.late@edu.tbz.ch;gqVYwDsuIPxB
celestine.colville@edu.tbz.ch;fDD3iilpZi8y
gwenaelle.scarlon@edu.tbz.ch;MKX0uSDkuQHm
regine.boddie@edu.tbz.ch;9qdLBC6Xbd67
creez.gaughan@edu.tbz.ch;qB7EJWLEMOvw
gaia.longford@edu.tbz.ch;IBoy1EOcX6BJ
mailis.buckby@edu.tbz.ch;67PLL48ZVjyV
song.parbrook@edu.tbz.ch;dXr5XxEBL9rF
frederique.heddan@edu.tbz.ch;qILvjnIL59We
ake.kirtlan@edu.tbz.ch;Js4Jr9N51tRA
nelie.runciman@edu.tbz.ch;1RPSEnjN8Bzp
mailis.cardnell@edu.tbz.ch;Gxyb3dKCZFLg
irene.navarro@edu.tbz.ch;Ng7oWClcyECf
maite.cough@edu.tbz.ch;7UmQ1ev6Iohx
anaelle.stocky@edu.tbz.ch;Lv1sFxyhG6Yu
methode.moulder@edu.tbz.ch;rDCmzIsQNxdz
po.stafford@edu.tbz.ch;u6ZZ392U1Ahy
faites.scraggs@edu.tbz.ch;lTQ0OWB9mk7U
adelaide.dullard@edu.tbz.ch;BIdH0HZCPXqQ
desiree.leonard@edu.tbz.ch;iJLHgE39lokm
geraldine.badgers@edu.tbz.ch;DCNtjyqqIzuw
ruo.masic@edu.tbz.ch;mlzyC8SSPJN4
aurelie.lieber@edu.tbz.ch;LUgxnXGNbTMy
naelle.balcock@edu.tbz.ch;VjXyZPoTJaXK
camelia.elger@edu.tbz.ch;i0MVahIq5aK0
publicite.oakeshott@edu.tbz.ch;ecxseunppX0p
cleopatre.fawley@edu.tbz.ch;4LOP8C5NXRHf
laurene.bruckmann@edu.tbz.ch;Beq9zNfhy0wH
rui.haughton@edu.tbz.ch;Tvt2urOtdHVM
asa.ladewig@edu.tbz.ch;yVRptrCbNNA9
gisele.janecek@edu.tbz.ch;Au0VMRM9mHmF
maily.loveridge@edu.tbz.ch;N4MewkRa6JkI
marieeve.yurkiewicz@edu.tbz.ch;4IMYuo5aiobo
fei.roder@edu.tbz.ch;tN1JirF7tJL6
edmee.chatburn@edu.tbz.ch;OiUxJ6Tcf1f2
geraldine.darke@edu.tbz.ch;e6ECmWDuhzk3
ye.jira@edu.tbz.ch;DCO2qDTPbYQK
publicite.persent@edu.tbz.ch;0qFqNKkONdza
severine.wilcox@edu.tbz.ch;OBzTmy7V9oGF
yao.mcclaren@edu.tbz.ch;L3YxDnd0iNXq
theresa.foynes@edu.tbz.ch;OtsagGaKgWjW
stephanie.isley@edu.tbz.ch;oykJl92MFayb
torbjorn.growy@edu.tbz.ch;SrtRp8dSvoXq
eloise.tunnadine@edu.tbz.ch;HvWBgPaagybB
maeline.cossentine@edu.tbz.ch;EKEaZkNCj6Ng
nelie.desantos@edu.tbz.ch;lcZLj9sD1oTs
gaetane.axston@edu.tbz.ch;HUCMjtHRFOy3
aimee.merman@edu.tbz.ch;O8fY3GpTtVS5
orjan.drivers@edu.tbz.ch;YUdsaTzjNlpX
aimee.miroy@edu.tbz.ch;KQMqiNLXxD4D
nelie.glyde@edu.tbz.ch;NARJGqFnFFkX
hakan.kapelhof@edu.tbz.ch;I7w8iImAA3oS
maelyss.cauley@edu.tbz.ch;Rd4Bt29uwobk
elea.vaggs@edu.tbz.ch;bHiPiVwEkwU2
maelys.but@edu.tbz.ch;SXa3PMuECk7i
maella.arthurs@edu.tbz.ch;RhpQTbnk17Zo
adele.liebrecht@edu.tbz.ch;kn0ZTOsWSo19
meline.lomasny@edu.tbz.ch;WyJADYH9fSoR
mediamass.schwant@edu.tbz.ch;5plO2gFrsXZq
leone.saunt@edu.tbz.ch;G6ajYtebDH7J
annotes.gouch@edu.tbz.ch;BCKMwMBCW2IO
gaetane.bowich@edu.tbz.ch;ZqUK3j2soOyF
alizee.strelitzki@edu.tbz.ch;QRUlyodKH4Kc
leone.poile@edu.tbz.ch;9ichCckV6VYw
amelie.saban@edu.tbz.ch;efyGYpXztMEe
marten.mcmenamin@edu.tbz.ch;0EXF9jyLS83n
becassine.keets@edu.tbz.ch;c1ea9y4wt0S4
celine.million@edu.tbz.ch;kNqRR7JBekBT
geraldine.belitz@edu.tbz.ch;XxdfwPEjKeb0
salome.mardling@edu.tbz.ch;1qQAXzRW4LfB
melia.blakemore@edu.tbz.ch;IZtPTLEJcAUD
dafnee.mcaulay@edu.tbz.ch;tZlpYAamlZaq
garcon.dennett@edu.tbz.ch;Z4CKJ8y2KAzH
interessant.lesor@edu.tbz.ch;YhK5cxnyASov
annotee.wasbrough@edu.tbz.ch;GBZsvEO4C9D9
asa.ibbeson@edu.tbz.ch;ySm20Sa8IyrW
maily.kennealy@edu.tbz.ch;9235w0Sc7JFi
ye.seares@edu.tbz.ch;NGxSVSlkwnNS
athena.harbron@edu.tbz.ch;sX7kpOpbe3LD
andreanne.portail@edu.tbz.ch;gorbfhuhZHRt
goran.zannelli@edu.tbz.ch;yDZp5r2A31bC
gerald.leathlay@edu.tbz.ch;cAXAp12pCuS8
andreanne.chown@edu.tbz.ch;v8LNch4dQ5xf
esteve.clementel@edu.tbz.ch;JVnOGmMqsPqH
leone.legan@edu.tbz.ch;EF2LgUC87cn9
maena.pownall@edu.tbz.ch;cUhQ5Xqid8X7
andree.rettie@edu.tbz.ch;6y16xmNO5Fj1
ines.kenwrick@edu.tbz.ch;EQ6tqIoinyWB
mariehelene.yarnall@edu.tbz.ch;BxqRZt5PC5Yx
po.martin@edu.tbz.ch;k4oHz4EFb8Mv
ruo.celiz@edu.tbz.ch;emJtzpPr3O1L
po.bissett@edu.tbz.ch;YFZD8cb2pnrk
du.swindon@edu.tbz.ch;bawSxkZjV98M
interessant.gouldthorp@edu.tbz.ch;KXCP5h7ZW6ac
leandre.lilburn@edu.tbz.ch;5UHCv3KULFw9
bjorn.whales@edu.tbz.ch;Sl6twCavtK3k
interessant.dieton@edu.tbz.ch;uHiNcVBU6AIB
celestine.redhills@edu.tbz.ch;jhdncjoh7Za0
tan.yakovlev@edu.tbz.ch;aJtk89OZ4utb
regine.mcdowell@edu.tbz.ch;yAWdWoz2pJlE
ju.coysh@edu.tbz.ch;9DkQfMcCYtHl
reserves.ofallon@edu.tbz.ch;TrHqIhNn7tau
frederique.sobey@edu.tbz.ch;Sk0EZ3QTLWEq
marieeve.garstang@edu.tbz.ch;4IdewXL9X8G5
andre.tapin@edu.tbz.ch;OYY5RB63hAIe
esbjorn.eynon@edu.tbz.ch;WYET3Ug3DfGS
maella.duffy@edu.tbz.ch;SZtPn2rgoh5S
leandre.twinning@edu.tbz.ch;dDMbOWs0PTzB
mai.whittingham@edu.tbz.ch;bBh9J71Eczrr
rachele.shevelin@edu.tbz.ch;65YKZrAcaDEg
cecile.mcure@edu.tbz.ch;jgiNJE2I0Jbc
marieeve.yurkevich@edu.tbz.ch;aMSFj1XXGP7C
almerinda.paice@edu.tbz.ch;DUFIEkovrSEz
rao.howkins@edu.tbz.ch;onUWRQji6Jtu
serena.pack@edu.tbz.ch;nX8StTjTBqCy
rebecca.mant@edu.tbz.ch;ts7iNsHgl5oV
reserves.spitell@edu.tbz.ch;otDreK1HFLpA
garcon.hamfleet@edu.tbz.ch;2ImSKsGtrJoz
methode.kerkham@edu.tbz.ch;37JZksokOwQk
pelagie.camies@edu.tbz.ch;VVOAzomg9rpd
josephine.macpharlain@edu.tbz.ch;fB2ChUWKDBdJ
eugenie.mathet@edu.tbz.ch;xLBXHiukIRds
gaetane.brangan@edu.tbz.ch;5UyyMQk6BNzM
michele.dewbury@edu.tbz.ch;QbjhqGHm8DSV
eugenie.elcott@edu.tbz.ch;MUDid20tIotP
megane.harniman@edu.tbz.ch;w7apWMhzih78
agnes.cluney@edu.tbz.ch;0gbfQpXJr2L2
mariehelene.angear@edu.tbz.ch;1Ed3sU09sOx5
melia.dolphin@edu.tbz.ch;iOQzxb6xnADE
lois.ruseworth@edu.tbz.ch;PlO8WFQbPYg6
mailys.ryding@edu.tbz.ch;xLHVmPkP16pE
rachele.wulfinger@edu.tbz.ch;U4lxFr8Gc3cl
gwenaelle.talton@edu.tbz.ch;RirJxf5hxkUe
long.ronchetti@edu.tbz.ch;e1XueNOo7XP6
styrbjorn.kloska@edu.tbz.ch;IY1FmVYUjLLn
len.sudran@edu.tbz.ch;ZaWwS1WEIGuQ
maelle.andrysek@edu.tbz.ch;VG0gayLrW6Bz
selene.senior@edu.tbz.ch;VzIMXkIErhPL
anais.joskovitch@edu.tbz.ch;H1I0kawam1ZQ
marienoel.dally@edu.tbz.ch;kYo3Zxe9ckAq
mariehelene.laurence@edu.tbz.ch;JB5I5vMEUEK3
camelia.foxon@edu.tbz.ch;arfRik5qIoO9
helene.cankett@edu.tbz.ch;hEkVWAVokefX
marten.mitchelson@edu.tbz.ch;six4uzpz49UA
helena.stirtle@edu.tbz.ch;kxRZljuqceST
leane.barmby@edu.tbz.ch;q092fBlguIwD
goran.ofinan@edu.tbz.ch;a4ZDQJCsrz7y
styrbjorn.proby@edu.tbz.ch;5Uc5anP9qr4V
zoe.halse@edu.tbz.ch;4zkVyWdbCpy9
kui.drable@edu.tbz.ch;zAy6acIKmiPj
desiree.bamford@edu.tbz.ch;Kg5gZX99TlvU
zoe.suller@edu.tbz.ch;r6jzemsQHSFm
marylene.audiss@edu.tbz.ch;JnvAWwkuNHpt
adelaide.poznanski@edu.tbz.ch;YVpH5Myt5mz8
maella.coleyshaw@edu.tbz.ch;vquli8w0S2R0
mariefrancoise.gelder@edu.tbz.ch;dPXE9sjddIEq
eleonore.chaffyn@edu.tbz.ch;QZZLxZ5FYsbt
celestine.sikorsky@edu.tbz.ch;q7vWWLVxib9Q
stevina.londsdale@edu.tbz.ch;hURR6GFkhscc
maiwenn.nevitt@edu.tbz.ch;yfFL2ZE3sMYb
magdalene.gerrey@edu.tbz.ch;ZmcLTEaLs5pO
becassine.latimer@edu.tbz.ch;Vgj6Qg347j56
da.lethibridge@edu.tbz.ch;BEfsQz2ezUq6
mailys.claige@edu.tbz.ch;2TOSMdvVAHwM
maena.torbard@edu.tbz.ch;KURSgptU1pcE
solene.lyvon@edu.tbz.ch;bEdbGO6MMUUS
marietherese.benbrick@edu.tbz.ch;5PL0rN3dKYKu
gerald.edmonson@edu.tbz.ch;B3WyuYMt4hWd
ake.messruther@edu.tbz.ch;YGmoPs1W5OFF
men.gosneye@edu.tbz.ch;LUkM85OyzFmu
anais.jefferys@edu.tbz.ch;2e5BD0KQR2Nl
publicite.tregale@edu.tbz.ch;d2KOk7aDHfW7
maily.santorini@edu.tbz.ch;EO936EL617Si
ines.pioch@edu.tbz.ch;a9R5tsFwEiC4
noemie.marklew@edu.tbz.ch;NcGZXEyzGh8h
meghane.maccaffrey@edu.tbz.ch;8zg2iohjX5ra
berangere.ambrogio@edu.tbz.ch;ShERI9Pf02cu
mediamass.ryce@edu.tbz.ch;ssPSFuxZLMs4
osten.ubank@edu.tbz.ch;Kw1jcTJ5Jbqx
melina.mackee@edu.tbz.ch;Fbacp0Q9y5CL
theresa.livezey@edu.tbz.ch;ZOyxvNTbabFA
clemence.weal@edu.tbz.ch;SkzIOGcmVX3J
faites.overton@edu.tbz.ch;B1Orvg90Jjvm
clea.lindblad@edu.tbz.ch;TkTRjjqlmpNo
josephine.roseaman@edu.tbz.ch;K024gevGdoLM
osten.lowbridge@edu.tbz.ch;H5p9VDaOM9eA
mariejosee.brion@edu.tbz.ch;15mjEcIEMRlQ
therese.basili@edu.tbz.ch;xpM5G3PfsA5O
melia.vertigan@edu.tbz.ch;tCBQQEV3g0Co
judicael.saull@edu.tbz.ch;iG88JeyoRQxZ
selene.valentine@edu.tbz.ch;WsiSB7rPXUwz
verane.dunlap@edu.tbz.ch;Pqgs8JLIplue
meline.kinnear@edu.tbz.ch;z6ldZJWtn9Nb
lei.luttgert@edu.tbz.ch;mKCoKRvwPSig
styrbjorn.lathleiffure@edu.tbz.ch;YhFALCTOlBy2
marlene.blasi@edu.tbz.ch;gmmys9o8eJmq
mai.begwell@edu.tbz.ch;ycidZvTLOCGS
gwenaelle.kaines@edu.tbz.ch;OhhHRTEbT5Ca
gerald.adamthwaite@edu.tbz.ch;yFZqfybApNsR
kui.hartfield@edu.tbz.ch;hzxG6jMUFeQH
salome.currao@edu.tbz.ch;O69VlL1goFZB
angelique.tixier@edu.tbz.ch;5zvHB5GqbdiK
ju.mcgragh@edu.tbz.ch;o3FDODgDBGMh
dafnee.beachem@edu.tbz.ch;LQAbognGkpTr
creez.terlinden@edu.tbz.ch;tWCCy5cFWmaS
uo.mcskeagan@edu.tbz.ch;WJemgfYJFko6
edmee.mccaughren@edu.tbz.ch;ddpcME3ED3Ey
aslog.cozby@edu.tbz.ch;77hH7AdMADaE
melodie.traite@edu.tbz.ch;4bEtZtH7o1Nz
dorothee.aindriu@edu.tbz.ch;lxX5G3ypqSvi
daniele.doley@edu.tbz.ch;QayoyI6KuJHi
mediamass.fairclough@edu.tbz.ch;3xXnrJni3DNM
lorene.rainforth@edu.tbz.ch;eTWR3gk2AflS
leonore.eyer@edu.tbz.ch;ARnjwY36Cf0R
po.spillman@edu.tbz.ch;uGAgWHeSmi9U
cecilia.plitz@edu.tbz.ch;bnZkeWqxSwkh
lorene.ludlow@edu.tbz.ch;oXHlE0Fkg1Q5
berangere.neligan@edu.tbz.ch;X705LdB9L2zX
simplifies.huggan@edu.tbz.ch;ApWS0zZ2D5QK
clelia.prandy@edu.tbz.ch;4q32QjNN716M
ake.osban@edu.tbz.ch;3jUr2GBm6978
cunegonde.brunn@edu.tbz.ch;VUOslP9eBvfd
long.grizard@edu.tbz.ch;C93wW1c9K9mf
meghane.diss@edu.tbz.ch;8T9iPDkSdbaS
therese.oldman@edu.tbz.ch;DpskmCpA0CZi
borje.scamerdine@edu.tbz.ch;TY3tIQhHiWPd
du.saban@edu.tbz.ch;3rQXBn918PvZ
hakan.clynmans@edu.tbz.ch;nJjCp6ln87gU
wa.macdowal@edu.tbz.ch;NZwl6rrdkDRo
venus.hatrey@edu.tbz.ch;tyF2BLCMajWv
anaelle.vispo@edu.tbz.ch;DAo1Sa8QIr4q
mahelie.ollcott@edu.tbz.ch;bJVDrAg8Tw4o
mediamass.whyman@edu.tbz.ch;chdOeRiFMvuH
esbjorn.basson@edu.tbz.ch;JtNsGAwPRh6g
andrea.morrill@edu.tbz.ch;9qVpeYwwXBMC
melys.grassi@edu.tbz.ch;uaKf8K4VjCeP
leone.poleye@edu.tbz.ch;R5dPgxRnrjv4
francoise.penny@edu.tbz.ch;8vDWR1n7wGvK
rebecca.edney@edu.tbz.ch;VoJlWHNDV1Ed
adelaide.murtagh@edu.tbz.ch;lFgTbXvDd8lP
stevina.winterbourne@edu.tbz.ch;YORuwDwK7mIg
ma.cottom@edu.tbz.ch;Nm6aZqC66IbH
tan.harold@edu.tbz.ch;xnZPN5DbLbBA
venus.forte@edu.tbz.ch;PEM9kC0nZhz8
almerinda.oluney@edu.tbz.ch;L19s4CG7iZUq
cleopatre.brehault@edu.tbz.ch;vM5qC0hF255S
interessant.lapides@edu.tbz.ch;5OmT3i8wHVxV
reserves.hallatt@edu.tbz.ch;ON1GoMm5208a
annotes.birdwhistle@edu.tbz.ch;d6k1p0nQUooM
ai.dredge@edu.tbz.ch;ZFIGBRCm7DiH
megane.mussard@edu.tbz.ch;2cy7WD5HQTBu
esbjorn.gowrich@edu.tbz.ch;iP84bLHr70SH
borje.brislawn@edu.tbz.ch;UQLCv4xxSH74
becassine.wilce@edu.tbz.ch;HRW7nud2NxqX
personnalisee.oels@edu.tbz.ch;waeqcdRF6dX3
verane.pett@edu.tbz.ch;WF6jPHBczEDD
marylene.glewe@edu.tbz.ch;eLd673SNquRS
lai.elson@edu.tbz.ch;XhlA72jzfWlI
serena.difranceschi@edu.tbz.ch;jtoFagbkkxVk
lie.espinel@edu.tbz.ch;BfoZEi9eGrRv
marylene.fantini@edu.tbz.ch;qhO7JHpjji6R
andre.archdeckne@edu.tbz.ch;E8Q93fNv75Cs
goran.bohlingolsen@edu.tbz.ch;qvrV5D80kUDZ
cunegonde.heffer@edu.tbz.ch;AejSUzzko8S8
tan.fechnie@edu.tbz.ch;3wVOmYpdrDiD
marienoel.brammar@edu.tbz.ch;EjCtl0NgvKQh
simplifies.aven@edu.tbz.ch;4a3ZnxPrP3Dm
melys.pinchen@edu.tbz.ch;141d4vv5ajVA
edmee.joyner@edu.tbz.ch;p8noGt00Vjm9
berengere.edess@edu.tbz.ch;ya3CQT1c3iqU
marienoel.goward@edu.tbz.ch;3Z7zhCk2oYc8
ju.edmons@edu.tbz.ch;ZcNSoxluqi2k
frederique.airds@edu.tbz.ch;98AsmX04QCK5
reserves.dauby@edu.tbz.ch;oCXCfrrKSqs8
hakan.gynni@edu.tbz.ch;1DzXSqp42lGJ
leonore.pinwill@edu.tbz.ch;deUyRbSjMQ0w
marieeve.mcallan@edu.tbz.ch;4vBHm33bB829
naelle.yeabsley@edu.tbz.ch;8SEZbsrm6TkT
nelie.jacobovitz@edu.tbz.ch;SrMRSWCb26vW
adele.conelly@edu.tbz.ch;LJEpolQWP8Jm
clementine.dondon@edu.tbz.ch;fj9T9EJXkivs
zhi.willcot@edu.tbz.ch;MezoqGZNXwkH
chloe.janicki@edu.tbz.ch;mzd8j3MrnSV8
meng.linde@edu.tbz.ch;AxquFIPVHCHc
celine.janisson@edu.tbz.ch;08AnDIDg6cFM
clelia.crow@edu.tbz.ch;I0r58K7B0Yg4
cecile.pyott@edu.tbz.ch;Vd2mdcw8YDKO
ma.fidelus@edu.tbz.ch;lSthXvXfUfTk
mariehelene.poore@edu.tbz.ch;ZJog1xa1kQhz
elies.blanket@edu.tbz.ch;fLmUZd3kJIT9
yu.boyer@edu.tbz.ch;6Knx8BNGQc97
celia.welds@edu.tbz.ch;zt3mYWkdpO0E
du.gunney@edu.tbz.ch;gIpEWArYLNFc
gorel.crush@edu.tbz.ch;96cwsJVjRGKz
mariejosee.brosius@edu.tbz.ch;4fVEXgiBWeAi
camelia.adds@edu.tbz.ch;6MG13p0J2UiC
anae.irwin@edu.tbz.ch;HDUOviWxCCSI
cleopatre.skeffington@edu.tbz.ch;EvByJTSZKVya
gerald.suggate@edu.tbz.ch;G8bduBVycYKw
laurene.tailour@edu.tbz.ch;U20nIZABKiGu
amelie.hoble@edu.tbz.ch;JqVkP1zUyYha
venus.getch@edu.tbz.ch;GPy1n3pMGUmq
renee.treby@edu.tbz.ch;WWSF4tczqcQs
almerinda.stait@edu.tbz.ch;u9L1SiSpeZEj
andree.reddecliffe@edu.tbz.ch;j5QAzQ7Ls9rx
leone.wintle@edu.tbz.ch;gtm9ZBzDhjGU
gerald.fellow@edu.tbz.ch;70urdzMtXwGg
ju.gudger@edu.tbz.ch;hVc1ylwQFbkc
meng.ohaire@edu.tbz.ch;NpoQ8IL52AXZ
cleopatre.missington@edu.tbz.ch;ZZgugKA97KP6
annotes.debruyn@edu.tbz.ch;5zIUwXhANPMB
gerald.sinisbury@edu.tbz.ch;5E97RZT4nVei
creez.slora@edu.tbz.ch;FftOJzqEyCms
gisele.benbow@edu.tbz.ch;Su0sDFy9No2n
pal.dossit@edu.tbz.ch;85HcDz4MtGWT
nelie.stirrip@edu.tbz.ch;BlyxCnr46abO
alois.ocrigane@edu.tbz.ch;bqoPTQhicq6K
kui.mcterry@edu.tbz.ch;mo7yiVj5sUcp
long.willgoss@edu.tbz.ch;1PlgcFR205Nc
francoise.sumpner@edu.tbz.ch;aoHAtPeppXL7
maely.grinstead@edu.tbz.ch;x0GXIfn58Bfl
creez.langeren@edu.tbz.ch;DnWZ8H5dPtSN
adele.dungate@edu.tbz.ch;0IbqiAiuXCXQ
cleopatre.noirel@edu.tbz.ch;RkRYxJRzbN8O
interessant.daverin@edu.tbz.ch;SlcwQGeqpGWE
naeva.kalderon@edu.tbz.ch;uOPsJox8vNn7
anais.oshesnan@edu.tbz.ch;JXI96xWwsCMU
judicael.anelay@edu.tbz.ch;aLoKppLL36lK
eloise.braxton@edu.tbz.ch;efVvMJAiYa6A
desiree.greguol@edu.tbz.ch;UCQJden2fEli
maite.mcclenaghan@edu.tbz.ch;oNCqnOeOoBcS
meng.doret@edu.tbz.ch;rLVeuU42Yyio
frederique.chippendale@edu.tbz.ch;SfIVG0sNwP2x
andreanne.lanney@edu.tbz.ch;NM0rFLh8EGUL
aurelie.claus@edu.tbz.ch;yJ5C21q1PZr5
renee.pabel@edu.tbz.ch;DxZID1WqKtD4
maena.roust@edu.tbz.ch;TOPfCYf08QZq
nadege.carwithim@edu.tbz.ch;wmKB4nrsx77k
solene.geyton@edu.tbz.ch;NESJj8gBcbr2
dafnee.avraham@edu.tbz.ch;usFM7mTiBimj
leane.woolvin@edu.tbz.ch;MHEUDtx2sC8Y
adele.macadie@edu.tbz.ch;lUXL4w0BGGJ5
meline.rubica@edu.tbz.ch;Ch6GP4sH7QbC
marienoel.speeding@edu.tbz.ch;awbWd6P11CEj
nelie.mix@edu.tbz.ch;oYPmIUukkHNo
clea.ollett@edu.tbz.ch;557uFG3D6mjH
leandre.mcgavin@edu.tbz.ch;64wZISKjpjQF
cecile.behne@edu.tbz.ch;G7giuHU0BilP
melanie.polle@edu.tbz.ch;vUYS0fONkAg9
mariejosee.titmuss@edu.tbz.ch;zJ4wDCJPSXgV
helena.guest@edu.tbz.ch;Ohh0jcp4jFeX
annotes.chicchetto@edu.tbz.ch;76BivDwcpksI
melia.tubb@edu.tbz.ch;wVgius1bHwKK
angelique.casetti@edu.tbz.ch;AxjRLgCEll7F
cunegonde.cleall@edu.tbz.ch;OYYYOEvwSc7A
camelia.oaker@edu.tbz.ch;Nx8Z22IvODx8
you.searight@edu.tbz.ch;Dq110Y1ob8Pf
kevina.dederick@edu.tbz.ch;TKMXcpAd59E1
milena.jeffrey@edu.tbz.ch;RN2VCuJW2xpy
melodie.barkshire@edu.tbz.ch;UFjijhjxf8oe
gaelle.kreutzer@edu.tbz.ch;K4pQlbRsIINK
kalliste.kleinpeltz@edu.tbz.ch;xthkISCrsF3t
clementine.danat@edu.tbz.ch;aQENIizXrzd0
andrea.wabb@edu.tbz.ch;xWpvXYMMzWhz
geraldine.piesold@edu.tbz.ch;BBpvEip1nUgp
tan.fiveash@edu.tbz.ch;oDUXzBhBd9Qp
meline.yuranovev@edu.tbz.ch;aozwgyPgkq4k
therese.holme@edu.tbz.ch;hszep9dPmbcU
salome.vaney@edu.tbz.ch;EflOdfifGuaw
anae.abramson@edu.tbz.ch;KCfCoD8RcXas
kalliste.jimson@edu.tbz.ch;qLsfgkxeNNKk
selene.yole@edu.tbz.ch;2cSiWsnYqQiV
agnes.defraine@edu.tbz.ch;AX3n6SQABKq3
faites.mccluin@edu.tbz.ch;ahqwQDVvsVd2
athena.deme@edu.tbz.ch;yOqDIPHQ1YAL
daphnee.brigstock@edu.tbz.ch;FcQKhnNg5Cx8
gosta.skaif@edu.tbz.ch;XO0aT05uWJPT
oceane.jagoe@edu.tbz.ch;jkyyQZVCj8D8
annotes.broomhall@edu.tbz.ch;z6U0dakjBfki
marieeve.ballendine@edu.tbz.ch;suJVRco4VC1J
melina.spykings@edu.tbz.ch;gwA0sOAeB51d
laurene.ticehurst@edu.tbz.ch;uvpAZFTqJPaa
fei.avramovic@edu.tbz.ch;M2QjvNSWMAQU
publicite.strathearn@edu.tbz.ch;ZW8wZEmKRcgi
torbjorn.garrow@edu.tbz.ch;ctnA1Isc3kcU
chloe.rubinsztein@edu.tbz.ch;JoefkGNCRNhr
mylene.demanche@edu.tbz.ch;6BNTltg8PGhV
mediamass.godlonton@edu.tbz.ch;BrRrYBlpU6p7
renee.shurrocks@edu.tbz.ch;iW7uG9tV6gDA
maiwenn.jedras@edu.tbz.ch;pnRdwBRkW0o7
genevieve.castells@edu.tbz.ch;JDRi6WYpgUWm
renee.sneden@edu.tbz.ch;dhOXCGG3gv2A
lai.mccallion@edu.tbz.ch;iEHgj9UqaaSU
kevina.impleton@edu.tbz.ch;sCqBz617KeYe
osten.fresson@edu.tbz.ch;oviKeVEjmLDj
verane.shawley@edu.tbz.ch;RAkmEO4gzG1q
uo.sjostrom@edu.tbz.ch;NaAl3c7N28DU
gisele.gothup@edu.tbz.ch;PdqmbDR0YuO7
renee.beauman@edu.tbz.ch;FNTXxJFEsDrx
elies.loton@edu.tbz.ch;QLvTvtjUmj66
valerie.elsmore@edu.tbz.ch;P8jGvdoZXrwp
berangere.delafeld@edu.tbz.ch;lX8vat7vyxVg
bjorn.schimke@edu.tbz.ch;RISdMvNk99P5
loic.ericssen@edu.tbz.ch;p40L704nJZ8J
creez.richarz@edu.tbz.ch;HjHffIxJXRGz
athena.grocott@edu.tbz.ch;nWGkjX6pUNZa
naelle.piotr@edu.tbz.ch;XxYrFhnsjfZD
maella.paulson@edu.tbz.ch;bb7vtTfybsBz
song.perot@edu.tbz.ch;y71KEQ7dfKzD
kalliste.heckney@edu.tbz.ch;4XFf0OYqqXFI
ake.vasyutkin@edu.tbz.ch;caXf7nuSxHxV
ma.castles@edu.tbz.ch;mijHkCSEFd0r
maely.monget@edu.tbz.ch;GHQj8C1TeMJh
tang.durbridge@edu.tbz.ch;87RnTP1RLVus
laurene.andrew@edu.tbz.ch;UHp4YZZY2na3
lysea.beacon@edu.tbz.ch;s2Qats77H4Dj
leandre.peyntue@edu.tbz.ch;uGzNUHDhoIBg
rao.trever@edu.tbz.ch;FMrdZp4gQWdg
mahelie.streader@edu.tbz.ch;cPARXz22DFze
marta.andrejevic@edu.tbz.ch;pokfNCVhmHxU
gosta.tompkins@edu.tbz.ch;G6Lf1WNDcaWC
helena.agates@edu.tbz.ch;G0jps36ErxkR
therese.glass@edu.tbz.ch;KZ6bSH7voo4Z
alois.foan@edu.tbz.ch;NvYTMZxiAvQ2
becassine.melchior@edu.tbz.ch;E2QM1fTkap3s
cloe.robart@edu.tbz.ch;LjbC2tfFVxfI
daniele.puckinghorne@edu.tbz.ch;Q6bZ1wa0Gxfl
selene.cammidge@edu.tbz.ch;853Nrdf81un5
regine.conochie@edu.tbz.ch;2E1p3PAQbHAL
interessant.tuiller@edu.tbz.ch;mPK1Yz2WxVU1
long.tiebe@edu.tbz.ch;XcXrAXZGmwOf
mans.yele@edu.tbz.ch;A4psSzLslJJY
ai.giles@edu.tbz.ch;o9QRZdAnbGP1
gaetane.hamberston@edu.tbz.ch;cXZKylyYy8nJ
marylene.fenix@edu.tbz.ch;H8uXeP0mX8Xe
geraldine.graeme@edu.tbz.ch;Mgqxwxon9KhU
tang.kinglake@edu.tbz.ch;odkkpkXvmwUd
lai.challoner@edu.tbz.ch;x7CYSlYqQftw
desiree.mattei@edu.tbz.ch;6iZvSkvi2dfL
ake.erley@edu.tbz.ch;4MTNmPS3Z5JF
edmee.cavil@edu.tbz.ch;E1gjuV2t7mJp
alois.moyes@edu.tbz.ch;N5BX0wLnc341
becassine.pitman@edu.tbz.ch;mAMnQTEUe5n8
ai.giacovelli@edu.tbz.ch;ZGtVKakTa82C
judicael.fruchter@edu.tbz.ch;DnC0Uz5eYd3G
mans.mogg@edu.tbz.ch;p2zkC0WvX9q9
gerald.foyle@edu.tbz.ch;eHzbbOtGYrcK
wa.androletti@edu.tbz.ch;VqMrMf3DcUv2
meng.ollett@edu.tbz.ch;G9wdYSXF60uI
naelle.macmenamy@edu.tbz.ch;TsVr5VlR8eBG
gisele.mcramsey@edu.tbz.ch;SQup6kzwFbSp
meryl.scolts@edu.tbz.ch;0sLtsnGuZSLv
celia.bloxsome@edu.tbz.ch;aPkXJhhKvKgo
styrbjorn.stuke@edu.tbz.ch;HVWXOGyX8DlE
felicie.gwilliam@edu.tbz.ch;NFxtjviF3esN
da.harms@edu.tbz.ch;pxP2perC61KO
celestine.baulk@edu.tbz.ch;8KNx4TnJdMA7
mahelie.blackledge@edu.tbz.ch;65NTmVVMcowU
meghane.salt@edu.tbz.ch;OdLgo2cGCvRH
methode.paxeford@edu.tbz.ch;sZSfku0hlkL6
aslog.milligan@edu.tbz.ch;C9BcOvVBJfyX
you.pellman@edu.tbz.ch;gynfyRa9KKDF
loic.regenhardt@edu.tbz.ch;Kz8PgYh8SsL0
daniele.savill@edu.tbz.ch;yFyOtPud60iI
alois.cornu@edu.tbz.ch;kXzTgjIATsgI
osten.govey@edu.tbz.ch;AgUuPJc7bBq5
marieeve.louch@edu.tbz.ch;K6JwNiasN7w9
theresa.wenn@edu.tbz.ch;QgjawU6F4hpz
andree.eul@edu.tbz.ch;FEvjlYLSdUBJ
lie.paynton@edu.tbz.ch;iiZGay9iFHsF
marieeve.girodier@edu.tbz.ch;ICCE6JUeyx2y
marienoel.smithe@edu.tbz.ch;pXKKx4drD8mT
men.bootyman@edu.tbz.ch;1JmMPVdvaBrB
ku.sugg@edu.tbz.ch;MSl8BhnEkHkx
lucrece.roseman@edu.tbz.ch;qt3B4L0wa5QU
zoe.annear@edu.tbz.ch;nXINilKP7IcX
mariehelene.rennebach@edu.tbz.ch;hY7kEXZSkHgE
lea.djurdjevic@edu.tbz.ch;XAh7ImFtsJwf
gorel.robert@edu.tbz.ch;Oa1i7w4L6U57
mylene.foldes@edu.tbz.ch;Fo3I6gap4ymD
faites.clegg@edu.tbz.ch;i5behimdYIwG
marylene.crowcher@edu.tbz.ch;Bje29zZZoRsv
aimee.wimpeney@edu.tbz.ch;lUrDqeGTya3k
renee.atkins@edu.tbz.ch;UG0iSAqbwfiR
rejane.cainey@edu.tbz.ch;LQUfpAtHUAEj
solene.britney@edu.tbz.ch;57SdRLIgoXw1
marten.shatliffe@edu.tbz.ch;TSMo1hN3fNz4
maite.issatt@edu.tbz.ch;knZyKxx2BOYy
maelyss.edon@edu.tbz.ch;9nTYwczQXu2p
nuo.bamling@edu.tbz.ch;7XarBvmNIPBj
anais.edards@edu.tbz.ch;sHU1UV8MCYka
mediamass.bromet@edu.tbz.ch;NUF9lD51IKf5
beatrice.kimbrey@edu.tbz.ch;6GoXb2KJyHKX
ines.lawranson@edu.tbz.ch;nU6Tt1ob4937
kalliste.scandroot@edu.tbz.ch;sLXs5BGrrcn5
mans.barrowcliffe@edu.tbz.ch;fFudFlPqruAT
irene.couves@edu.tbz.ch;5UezqviZHpux
milena.mucci@edu.tbz.ch;yXDsz03b9Uce
naeva.cow@edu.tbz.ch;4ECNKxx1mvnw
audreanne.mournian@edu.tbz.ch;JnyRhxQkOn30
melia.sinnatt@edu.tbz.ch;hNEhRtUqXLOh
nelie.burnard@edu.tbz.ch;OmZChU288u4C
clelia.ashfull@edu.tbz.ch;NIOgA991N6g6
lie.macard@edu.tbz.ch;VtIQvaZApNZh
valerie.matoshin@edu.tbz.ch;xNrPjyzt7zyG
anael.hatherleigh@edu.tbz.ch;ZBqeGtaPegTb
interessant.warratt@edu.tbz.ch;zHHZrC2lPFOW
eleonore.volage@edu.tbz.ch;lhQnws7G8kCs
zoe.stebbing@edu.tbz.ch;s6MhIuBbYinZ
alizee.nye@edu.tbz.ch;CTzRV6iEUliL
celestine.bramley@edu.tbz.ch;4TOcTdUKBTly
selene.philcott@edu.tbz.ch;a8ruWZs1RfuF
tang.newens@edu.tbz.ch;uvhBymERI7vC
annotes.powys@edu.tbz.ch;teKoTVwbqdpR
lea.matthesius@edu.tbz.ch;tLvBaLClyKip
illustree.garlett@edu.tbz.ch;b9JrJLlGgfcp
maiwenn.meachem@edu.tbz.ch;V9XKS98KYiSA
mariefrancoise.mcbrady@edu.tbz.ch;5MzrAcXw5Qho
illustree.gimbart@edu.tbz.ch;nVqEKBSXxn4o
melys.lyosik@edu.tbz.ch;UArAyS9MWU6c
marylene.mcnab@edu.tbz.ch;161zY8UExgyf
gerald.blount@edu.tbz.ch;FrWdgGZANObv
clelia.shakelade@edu.tbz.ch;c2fYwy5jNemG
penelope.cridlin@edu.tbz.ch;RmBr3gKIBpMm
maena.okuddyhy@edu.tbz.ch;urLaC0CTJ9uN
athena.keynd@edu.tbz.ch;xrcK3KQAnR8W
cloe.dwine@edu.tbz.ch;ewR4qf2QgOAR
josephine.browett@edu.tbz.ch;jf7WVyVLym41
audreanne.oscanlon@edu.tbz.ch;ElnpivKDjc9U
fei.jeanequin@edu.tbz.ch;eiRS1y6Ey4vc
lois.gormally@edu.tbz.ch;MGjF95B5d9Yt
mariefrancoise.finnigan@edu.tbz.ch;X733W3QfubFv
leonore.trussman@edu.tbz.ch;xOGOrkD25Z52
anaelle.trumper@edu.tbz.ch;cxXHFk3I79Rd
clemence.dionis@edu.tbz.ch;xGNJbTJlfNZk
lois.tranmer@edu.tbz.ch;hrfjmZxUV1qC
interessant.volett@edu.tbz.ch;9YmQLMZq9W5F
personnalisee.deackes@edu.tbz.ch;D7S6kbKHvZpC
lie.vasiliu@edu.tbz.ch;T0tGJjzq3xaM
dafnee.lamputt@edu.tbz.ch;46A0aGdovSsv
elies.bromige@edu.tbz.ch;VfkBgXEZEKop
helena.klosser@edu.tbz.ch;xfcPsF5rKVDD
andree.grim@edu.tbz.ch;ZND71tVhhB6z
verane.coldbath@edu.tbz.ch;qlXu0ZhHc1pR
helena.bethell@edu.tbz.ch;VMDbV46z8RC2
kalliste.carefull@edu.tbz.ch;WBqMdb8g0z7E
regine.odams@edu.tbz.ch;6ri5Z0m0RChp
len.stannus@edu.tbz.ch;BS6rVyjt540G
angelique.works@edu.tbz.ch;eDSoGjCDj53s
gosta.rheaume@edu.tbz.ch;0AoneTXC4F0G
maelys.tynnan@edu.tbz.ch;4i21RgLsguZ8
maelle.carlesi@edu.tbz.ch;kCiMbR9Ztv2V
anael.spurden@edu.tbz.ch;JWMUGtHCj5op
helene.pumfrett@edu.tbz.ch;YsTGcpkZplP9
gorel.pearn@edu.tbz.ch;8Q7Cxa2O0h0D
laurelie.dezamora@edu.tbz.ch;cPNXVM5zHdcz
yao.twidale@edu.tbz.ch;48S9nP8b77cJ
berengere.sola@edu.tbz.ch;9Kut8523Ua3x
maelann.hardistry@edu.tbz.ch;6YixBgX9xHF6
severine.littlefield@edu.tbz.ch;h2ACznsqjIdG
salome.heinl@edu.tbz.ch;0imggKtrnXCn
meryl.warbey@edu.tbz.ch;kaoWo4f2Ows4
da.hunstone@edu.tbz.ch;DuFC1AI5O7f5
venus.broadbury@edu.tbz.ch;KUUWcBh9rAxS
meghane.rentelll@edu.tbz.ch;fVyE8heXms7i
marylene.drewitt@edu.tbz.ch;4NP4qdxqRJDx
melinda.jacquemet@edu.tbz.ch;0wrqqTVyMCca
mariejosee.keyden@edu.tbz.ch;0N2JIVOcCazw
aslog.montacute@edu.tbz.ch;t2KuRBb1Qq6Z
ku.andreou@edu.tbz.ch;wXoQ3ewsIcLb
personnalisee.feaveer@edu.tbz.ch;Yqe2yDOzzWAm
laila.emptage@edu.tbz.ch;kmIeu61nUUOW
bjorn.dawdry@edu.tbz.ch;DGfiTJWwQo66
marieeve.dinsell@edu.tbz.ch;X4GPwyJWAwYX
helene.follett@edu.tbz.ch;bodEzC0lRS5E
penelope.cordero@edu.tbz.ch;172XWcGkX8zp
borje.beedell@edu.tbz.ch;GS5gTF1nGqfz
nelie.ferne@edu.tbz.ch;mVsXmgaTwbQ5
celine.ahmed@edu.tbz.ch;lehJwTrz6SKB
stevina.pimblett@edu.tbz.ch;eikfb1NQwxPG
chloe.langlands@edu.tbz.ch;jZO0ZR4xQ64n
simplifies.maude@edu.tbz.ch;xKmqzrEOyr90
genevieve.decarteret@edu.tbz.ch;EzDFSkb3SJPu
marylene.mughal@edu.tbz.ch;jVZiwH9yQtMz
goran.guttridge@edu.tbz.ch;H0NeHcs92Oi6
michele.smurfitt@edu.tbz.ch;tJMwK22M1WpV
methode.hadeke@edu.tbz.ch;MFM9x8nZUHoN
therese.rispine@edu.tbz.ch;pRS9KxulcQyD
gorel.plumley@edu.tbz.ch;v6N1KoFlVVFK
oceane.friett@edu.tbz.ch;Yb3p82wpmKtZ
marienoel.achromov@edu.tbz.ch;ILhtIMWbcxl5
dorothee.storek@edu.tbz.ch;qbOh6VeAjxnO
gosta.whittle@edu.tbz.ch;oXWQMbhdUtij
desiree.casely@edu.tbz.ch;wCEX9Tw4tg5H
felicie.condon@edu.tbz.ch;7UdJTqtt3fDm
maelyss.frisdick@edu.tbz.ch;K4Vj6VC2PIsa
aimee.banke@edu.tbz.ch;q54vWGYZjcKA
naeva.hodcroft@edu.tbz.ch;hH4rlu4OphzT
laila.gerrans@edu.tbz.ch;Ar7E24OKZVj4
daniele.scrimshire@edu.tbz.ch;ahHPK2n8CsSF
daphnee.sheerin@edu.tbz.ch;xwip1dYEgz8X
pal.vanyukov@edu.tbz.ch;bIKd8UxYVGmS
zoe.childs@edu.tbz.ch;tQUgRk1xWsnx
ai.corde@edu.tbz.ch;NY3LUPXbbsE0
maelys.berryann@edu.tbz.ch;NCh187JOHn5I
cloe.gladding@edu.tbz.ch;ix2PKZCAKwVd
wa.kinnaird@edu.tbz.ch;ekjCJbg5e0rx
publicite.brittoner@edu.tbz.ch;OzXV3zJB7Jtu
rao.windress@edu.tbz.ch;6DVoeO9h3akN
uo.kollach@edu.tbz.ch;4Y5Zj96NFuV2
josee.peskett@edu.tbz.ch;xHQyCICAq6Gz
annotee.hasel@edu.tbz.ch;v4LEKzb2eQ1I
cinema.lee@edu.tbz.ch;Y0SFA110qA3S
lai.vedeshkin@edu.tbz.ch;kihEbkloyFBz
renee.brisbane@edu.tbz.ch;XzR6JNZIuN1Q
ophelie.blincoe@edu.tbz.ch;TaRQLz9YRvtc
zhi.prazor@edu.tbz.ch;ccReTQ90B15s
annotee.maddicks@edu.tbz.ch;JLSA2rAJ4tHV
maelyss.codd@edu.tbz.ch;0dezYwuDe5It
celia.peplay@edu.tbz.ch;ejLGe2LL8CHD
interessant.skone@edu.tbz.ch;FuebgV0QbZiq
audreanne.hebdon@edu.tbz.ch;RLrNOsxUNC7u
oceane.glen@edu.tbz.ch;URiZA9quOP8B
daniele.vanyushkin@edu.tbz.ch;nxgzEHETR1r4
daphnee.ayce@edu.tbz.ch;72tYYNmEWLHp
andrea.attride@edu.tbz.ch;QayQIyr1MrTZ
penelope.bridgwood@edu.tbz.ch;i0F6iCWAxoKZ
mailis.drewitt@edu.tbz.ch;IPukybXWefWj
penelope.mollene@edu.tbz.ch;rz0Ltmiwy9f1
illustree.keely@edu.tbz.ch;AQiqpYtAJ30p
meng.brisseau@edu.tbz.ch;yL8oCGAioPn7
ruo.cleiment@edu.tbz.ch;iJ8aEMxqQ8C0
maite.krammer@edu.tbz.ch;DoinPeCHPUOz
genevieve.verry@edu.tbz.ch;OisWx067KN23
lea.olochan@edu.tbz.ch;OpFx2VhsOEAG
naelle.brunnen@edu.tbz.ch;rJD3ZDGyqTla
gosta.bragginton@edu.tbz.ch;vIv47P4e40wx
fei.danilyuk@edu.tbz.ch;RNwSA3ur8uCr
adelie.turbitt@edu.tbz.ch;iNpp9tdYOlJM
marylene.nutman@edu.tbz.ch;eerT3U0Ta50Z
therese.barbrick@edu.tbz.ch;a5mVvXhfDVbJ
melys.kolodziej@edu.tbz.ch;QlgcHis5Jeu2
melanie.runchman@edu.tbz.ch;0D258qBMjRgY
serena.lafond@edu.tbz.ch;sAFPxLkb2HRE
pelagie.desmond@edu.tbz.ch;ro3wNMDJlX28
wa.spickett@edu.tbz.ch;CKxVVjKroPiZ
po.shave@edu.tbz.ch;M4M9KgMMA1qp
song.huikerby@edu.tbz.ch;JiHh9rRLLS77
melinda.bimson@edu.tbz.ch;7Qylzx3vTtyG
personnalisee.toffanelli@edu.tbz.ch;TnC10kr7KniM
leandre.hurn@edu.tbz.ch;Z2EHiCBQfdF4
osten.standell@edu.tbz.ch;mhPuVe65F16S
naelle.smaleman@edu.tbz.ch;ACGQX4KyTXrD
berenice.tayt@edu.tbz.ch;DDyznbjPay4q
kui.popplewell@edu.tbz.ch;E3OXbM5oRwxq
melodie.ferandez@edu.tbz.ch;xG2NMpOKVyDW
josee.negal@edu.tbz.ch;OV8P4s8Y8Mh6
melissandre.ferrelli@edu.tbz.ch;pIfuBbAX7DpN
josephine.kemmer@edu.tbz.ch;jYuwbO1RfKjy
maely.cayette@edu.tbz.ch;I3LsVvkW5auo
nelie.vela@edu.tbz.ch;Eo16WGZVUF9g
melina.cortes@edu.tbz.ch;axR8rKCVX3wU
megane.leyshon@edu.tbz.ch;WIJUoikM8bzL
regine.harrie@edu.tbz.ch;1n8r5IGOfKKH
mylene.widdison@edu.tbz.ch;P2GbdS8lamNT
pelagie.vivash@edu.tbz.ch;yrTRPzbxZsIK
styrbjorn.vicarey@edu.tbz.ch;mY58tH2Cx87h
long.kyles@edu.tbz.ch;UT0TNjcipgRB
stephanie.gipps@edu.tbz.ch;acxXnj3uiqOD
clea.constantine@edu.tbz.ch;Q5ycQWqua7Jc
maella.cometto@edu.tbz.ch;syCG4tENT4aX
laila.aubrun@edu.tbz.ch;qhwpZMHWOV1A
yao.austins@edu.tbz.ch;fAuoNCJV43Qp
mailys.rylstone@edu.tbz.ch;nKjrBihMAf4X
adelie.curuclis@edu.tbz.ch;BQIGFdEAl8cA
celine.longhurst@edu.tbz.ch;jl5YXRcfmdwI
gisele.hazell@edu.tbz.ch;GJiAkFfgFArV
celestine.ciccone@edu.tbz.ch;Gzd5aJNvcmvC
maelyss.doole@edu.tbz.ch;njMVbyVWpbxi
helene.grimsdike@edu.tbz.ch;GQSqynYQjEvh
lie.macer@edu.tbz.ch;FNxpNgHJB6Cz
maely.izard@edu.tbz.ch;hNX07zPO1jGX
erwei.breewood@edu.tbz.ch;qd20AP6JXlnI
chloe.woolford@edu.tbz.ch;1EXFfRXuO1Gd
cleopatre.turpin@edu.tbz.ch;iaLMlTZ4zXMU
melodie.surgison@edu.tbz.ch;qgyjKWfJlcU4
elies.leander@edu.tbz.ch;uTR0ORG2z3K9
mediamass.reignould@edu.tbz.ch;7pRc6Ap3cBXJ
celestine.wasmuth@edu.tbz.ch;HZBnAmEItluX
marten.jervis@edu.tbz.ch;zCeTHtBKLURo
daphnee.bour@edu.tbz.ch;YtIXIY5H66Tt
regine.harlett@edu.tbz.ch;qTf5SWXELmZg
noemie.macaskie@edu.tbz.ch;TZyCTERW1ydI
loic.renfield@edu.tbz.ch;o9zusP8937w5
venus.kleinert@edu.tbz.ch;H2a1hE1EvE7d
marten.burlay@edu.tbz.ch;kFo28SSpl4T2
berengere.radsdale@edu.tbz.ch;P7bosziOhCQ7
genevieve.duckit@edu.tbz.ch;pZ4OxhYwC7rT
maely.ligerton@edu.tbz.ch;5QNoitgYKhWd
maeline.ricciardelli@edu.tbz.ch;lSPHSoyK3lmH
personnalisee.yggo@edu.tbz.ch;PN2ikEPRDsZH
alizee.pettinger@edu.tbz.ch;gKiioN35MQUX
desiree.curnnokk@edu.tbz.ch;QRAYRLr0gZHn
dorothee.minors@edu.tbz.ch;74pHD4lozlwV
oceanne.kopmann@edu.tbz.ch;28w2gqYzdkis
almerinda.brodbin@edu.tbz.ch;3qctLtdT4p0T
yenora.carsberg@edu.tbz.ch;M2Qv0npZY5xz
wa.beetles@edu.tbz.ch;N74Ep41AZeV3
audreanne.abbot@edu.tbz.ch;UrvWuY7FHkoT
noemie.capper@edu.tbz.ch;9fBKFbzfGA6B
mans.abramamov@edu.tbz.ch;igU2xSLzTiLG
audreanne.blakey@edu.tbz.ch;Up3p82cJsipM
leone.klimpke@edu.tbz.ch;iXQLmBeedpXp
lie.croston@edu.tbz.ch;BKxriArj69p8
harald.muller@edu.tbz.ch;oUaK9KHBReRB
anaelle.baistow@edu.tbz.ch;RiEfPXlIrtKn
michele.garwood@edu.tbz.ch;uULoz38IZBL3
interessant.albion@edu.tbz.ch;NItg9j1gbqU7
andre.brisco@edu.tbz.ch;iHVVGXDdChwm
tang.totterdill@edu.tbz.ch;6rvxWWjz8eOM
mariejosee.braundt@edu.tbz.ch;AHSZVxIMgO9K
lois.galer@edu.tbz.ch;JsuWmiwk1Tj1
faites.pellamonuten@edu.tbz.ch;Enz92rGM1Kkh
mai.barfford@edu.tbz.ch;n2K4bhCeWemt
laurene.macilory@edu.tbz.ch;YBUBAezubIt3
elea.peak@edu.tbz.ch;CNjVPBRSiTxV
harald.muller@edu.tbz.ch;Vnhbgfeeu1mm
rejane.doni@edu.tbz.ch;FdHW36fbQP4W
mahelie.ector@edu.tbz.ch;onFsVGwHJ44Z
rachele.allum@edu.tbz.ch;EQ7z3ehyWaSe
laila.gerretsen@edu.tbz.ch;9izkI0HLKTzS
ines.bowman@edu.tbz.ch;T28pRALYQ1il
publicite.barbary@edu.tbz.ch;v4GboZcB6PDP
mailys.smooth@edu.tbz.ch;QHtXhNx4qyn2
mailis.huguenet@edu.tbz.ch;1IXWGvLDVwZG
lea.ewer@edu.tbz.ch;Ygq3RQW7auLp
harald.muller@edu.tbz.ch;mXvvuAzDAhVI
